1638176670.246340000,0.0,0.0,0.0
1638176675.449038000,0.0271766,-2.18066,0.000765728
1638176676.549612000,0.0107384,-4.2431,0.00171058
1638176677.450087000,-0.141365,-6.44404,0.00717958
1638176678.250488000,-0.329467,-8.58584,0.0191823
1638176679.050899000,-0.526551,-10.735,0.0290675
1638176679.851355000,-0.73502,-12.7929,0.0329857
1638176680.851829000,-0.970941,-14.861,0.0351175
1638176682.252552000,-1.14705,-16.9528,0.0990914
1638176683.453174000,-1.29405,-19.1124,0.185897
1638176684.653800000,-1.37446,-21.2681,0.28979
1638176685.654320000,-1.43906,-23.2858,0.356316
1638176686.554790000,-1.53426,-25.416,0.387207
1638176687.355212000,-1.62046,-27.6971,0.357141
1638176688.055579000,-1.79194,-29.7935,0.352827
1638176688.655881000,-1.97121,-31.9268,0.364546
1638176689.256209000,-2.18805,-34.1945,0.362003
1638176689.756479000,-2.38595,-36.2631,0.381319
1638176690.257055000,-2.57342,-38.4572,0.372526
1638176690.756992000,-2.79694,-40.8437,0.348082
1638176691.157174000,-2.96471,-42.8949,0.30081
1638176691.557389000,-3.11073,-45.0514,0.266125
1638176691.957596000,-3.25144,-47.2861,0.228934
1638176692.357837000,-3.38566,-49.5832,0.18942
1638176692.758249000,-3.50072,-51.9592,0.159682
1638176693.158212000,-3.57374,-54.4197,0.132631
1638176693.558423000,-3.62809,-56.9429,0.11142
1638176693.958632000,-3.66281,-59.4883,0.0871255
1638176694.358835000,-3.68525,-62.049,0.0571928
1638176694.759858000,-3.68592,-64.6386,0.0171771
1638176695.159247000,-3.68694,-67.2228,-0.0545235
1638176695.559459000,-3.68426,-69.8098,-0.111075
1638176695.959671000,-3.65704,-72.3906,-0.165645
1638176696.359879000,-3.60356,-74.9693,-0.217357
1638176696.760084000,-3.52072,-77.526,-0.268489
1638176697.160293000,-3.39714,-80.0452,-0.316456
1638176697.560503000,-3.26637,-82.5123,-0.369744
1638176697.960734000,-3.14174,-84.9232,-0.417648
1638176698.360926000,-3.02986,-87.2724,-0.461262
1638176698.761109000,-2.92832,-89.57,-0.505329
1638176699.161330000,-2.83478,-91.8019,-0.555164
1638176699.561539000,-2.74851,-93.9809,-0.605865
1638176699.961754000,-2.67594,-96.1141,-0.675631
1638176700.361955000,-2.62279,-98.2161,-0.780686
1638176700.762154000,-2.5708,-100.274,-0.900027
1638176701.162364000,-2.48485,-102.287,-1.02218
1638176701.562575000,-2.40158,-104.266,-1.14151
1638176702.062829000,-2.30948,-106.706,-1.27911
1638176702.563088000,-2.22035,-109.073,-1.41028
1638176703.063348000,-2.14271,-111.279,-1.5326
1638176703.563609000,-2.07074,-113.587,-1.67223
1638176704.064242000,-2.0096,-115.737,-1.79641
1638176704.564861000,-1.94908,-117.821,-1.90391
1638176705.064387000,-1.90565,-119.841,-2.00837
1638176705.564647000,-1.86547,-121.823,-2.10997
1638176706.064913000,-1.81876,-123.836,-2.19524
1638176706.565167000,-1.78848,-125.852,-2.29411
1638176707.065433000,-1.75943,-127.872,-2.36731
1638176707.565683000,-1.73074,-129.942,-2.39567
1638176708.065945000,-1.70102,-132.069,-2.40957
1638176708.566206000,-1.65901,-134.247,-2.43651
1638176709.066460000,-1.61471,-136.479,-2.4667
1638176709.566724000,-1.56899,-138.758,-2.48147
1638176710.066978000,-1.50718,-141.091,-2.46602
1638176710.567243000,-1.43339,-143.465,-2.44087
1638176711.067501000,-1.36012,-145.877,-2.41336
1638176711.568148000,-1.27512,-148.319,-2.38282
1638176712.068042000,-1.18161,-150.795,-2.34618
1638176712.468220000,-1.11101,-152.799,-2.32271
1638176712.868430000,-1.04621,-154.823,-2.30639
1638176713.268933000,-0.977219,-156.865,-2.30523
1638176713.669028000,-0.897225,-158.92,-2.29978
1638176714.069256000,-0.821686,-161.01,-2.27502
1638176714.469438000,-0.738975,-163.122,-2.2528
1638176714.869648000,-0.659833,-165.251,-2.23348
1638176715.269847000,-0.606722,-167.429,-2.19438
1638176715.670058000,-0.547662,-169.638,-2.15482
1638176716.070283000,-0.465667,-171.849,-2.13195
1638176716.470479000,-0.368675,-174.08,-2.09662
1638176718.071432000,-0.00975457,-183.148,-1.94898
1638176718.471506000,0.0554748,-185.361,-1.88068
1638176718.871729000,0.108431,-187.547,-1.82003
1638176719.271928000,0.176861,-189.75,-1.75896
1638176719.672142000,0.247499,-191.944,-1.7084
1638176720.072341000,0.323035,-194.144,-1.61808
1638176720.472552000,0.401462,-196.346,-1.50348
1638176720.872754000,0.473413,-198.548,-1.38977
1638176721.272959000,0.548082,-200.755,-1.26874
1638176721.673491000,0.61851,-202.977,-1.14757
1638176722.073377000,0.652757,-205.295,-0.963682
1638176722.473587000,0.663216,-207.691,-0.73397
1638176722.873799000,0.666966,-210.104,-0.52731
1638176723.274024000,0.74216,-212.416,-0.482739
1638176723.674204000,0.817582,-214.765,-0.423373
1638176724.074438000,0.889327,-217.124,-0.391104
1638176724.474615000,0.95548,-219.505,-0.36681
1638176724.875342000,1.02626,-222.034,-0.341707
1638176725.275208000,1.09503,-224.472,-0.29746
1638176725.675411000,1.16865,-226.914,-0.248103
1638176726.075857000,1.23305,-229.515,-0.24947
1638176726.475833000,1.28016,-231.494,-0.269054
1638176726.876072000,1.35325,-234.18,-0.293684
1638176727.276637000,1.4266,-236.319,-0.28692
1638176727.676466000,1.51423,-238.705,-0.264814
1638176728.076657000,1.63139,-241.647,-0.305345
1638176728.476900000,1.70087,-243.407,-0.34058
1638176728.877094000,1.78239,-245.779,-0.373003
1638176729.277294000,1.89271,-249.079,-0.368014
1638176729.677958000,1.93622,-250.697,-0.3737
1638176730.077694000,2.0128,-253.217,-0.391874
1638176730.377951000,2.06644,-255.143,-0.392514
1638176730.778057000,2.13612,-257.695,-0.418899
1638176731.178266000,2.16932,-260.228,-0.488766
1638176731.578482000,2.19414,-262.731,-0.561358
1638176731.978687000,2.22689,-265.206,-0.610496
1638176732.378889000,2.28188,-267.652,-0.628672
1638176732.780071000,2.34276,-270.419,-0.653793
1638176733.179302000,2.38417,-272.421,-0.68263
1638176733.579520000,2.42822,-274.744,-0.711788
1638176733.979723000,2.4658,-277.035,-0.744968
1638176734.379933000,2.46182,-279.339,-0.796594
1638176734.780129000,2.46001,-281.64,-0.86872
1638176735.180362000,2.48255,-283.989,-0.896192
1638176735.580553000,2.50692,-286.375,-0.927001
1638176735.980787000,2.55389,-288.802,-0.966512
1638176736.380999000,2.64178,-291.271,-1.01388
1638176736.781173000,2.72865,-293.782,-1.06318
1638176737.181376000,2.78478,-296.36,-1.0842
1638176737.581586000,2.85232,-298.959,-1.10192
1638176737.981795000,2.92797,-301.535,-1.12532
1638176738.382006000,3.00749,-304.079,-1.1456
1638176738.782210000,3.08996,-306.588,-1.16497
1638176739.182420000,3.17862,-309.065,-1.17826
1638176739.582643000,3.26295,-311.506,-1.19656
1638176739.982833000,3.35049,-313.901,-1.22046
1638176740.383043000,3.4411,-316.264,-1.24064
1638176740.783247000,3.53096,-318.585,-1.27315
1638176741.183480000,3.61746,-320.869,-1.30926
1638176741.583665000,3.70395,-323.148,-1.34094
1638176741.983892000,3.79583,-325.416,-1.36176
1638176742.384080000,3.8942,-327.651,-1.36966
1638176742.784282000,3.98634,-329.898,-1.35964
1638176743.184491000,4.05023,-332.179,-1.37324
1638176743.584705000,4.11111,-334.483,-1.38816
1638176743.984916000,4.16632,-336.809,-1.4183
1638176744.385132000,4.22459,-339.164,-1.44773
1638176744.785952000,4.28981,-341.546,-1.47218
1638176745.185529000,4.3657,-343.913,-1.48214
1638176745.585725000,4.44243,-346.281,-1.4993
1638176745.985945000,4.51085,-348.646,-1.50977
1638176746.386146000,4.5798,-351.012,-1.50945
1638176746.786350000,4.65509,-353.361,-1.51547
1638176747.186563000,4.71771,-355.711,-1.52232
1638176747.586769000,4.78435,-358.04,-1.53825
1638176747.986978000,4.85396,-360.363,-1.53937
1638176748.387191000,4.93745,-362.681,-1.54616
1638176748.787389000,5.01618,-365.031,-1.55065
1638176749.187866000,5.07997,-367.4,-1.57383
1638176749.587801000,5.14229,-369.817,-1.56634
1638176749.988012000,5.20716,-372.233,-1.58467
1638176750.388221000,5.29642,-374.62,-1.60965
1638176750.788426000,5.38658,-376.987,-1.63449
1638176751.188637000,5.4685,-379.362,-1.65709
1638176751.588846000,5.55126,-381.715,-1.6812
1638176751.989057000,5.64404,-384.039,-1.70327
1638176752.389258000,5.74996,-386.339,-1.72286
1638176752.789461000,5.84904,-388.641,-1.7454
1638176753.189675000,5.93664,-390.949,-1.77566
1638176753.589911000,6.04028,-393.253,-1.80414
1638176753.990104000,6.14779,-395.584,-1.78498
1638176754.390309000,6.22836,-397.953,-1.73236
1638176754.790502000,6.30778,-400.314,-1.70228
1638176755.190734000,6.38351,-402.693,-1.66558
1638176755.590918000,6.45936,-405.081,-1.63503
1638176755.991164000,6.5321,-407.459,-1.61359
1638176756.391391000,6.60077,-409.816,-1.5996
1638176756.792729000,6.66444,-412.152,-1.58484
1638176757.191752000,6.72986,-414.453,-1.58103
1638176757.591962000,6.79135,-416.725,-1.56827
1638176757.992195000,6.84777,-418.967,-1.55676
1638176758.392387000,6.90239,-421.174,-1.5529
1638176758.792582000,6.94965,-423.351,-1.54816
1638176759.192813000,7.15369,-425.815,-1.39215
1638176759.592998000,7.37732,-428.291,-1.21393
1638176759.993208000,7.53342,-430.603,-1.10234
1638176760.393418000,7.58715,-432.672,-1.10216
1638176760.793634000,7.64299,-434.709,-1.10235
1638176761.294601000,7.67873,-437.172,-1.10306
1638176761.794136000,7.70825,-439.562,-1.10699
1638176762.294415000,7.74363,-441.844,-1.10226
1638176762.794656000,7.78532,-443.989,-1.10672
1638176763.294918000,7.81431,-446.011,-1.11633
1638176763.896276000,7.84166,-448.393,-1.13859
1638176764.495836000,7.86096,-450.613,-1.1485
1638176765.095869000,7.85585,-452.8,-1.12835
1638176765.696171000,7.83613,-454.923,-1.13604
1638176766.296661000,7.80291,-457.021,-1.08621
1638176766.896961000,7.76126,-459.075,-1.02205
1638176767.597336000,7.73461,-461.39,-0.974497
1638176768.298820000,7.74756,-463.451,-0.916534
1638176769.098100000,7.76543,-465.524,-0.874569
1638176769.998564000,7.79932,-467.535,-0.853233
1638176771.199184000,7.85782,-469.566,-0.849642
1638176772.800319000,7.91092,-471.578,-0.854059
1638176803.116559000,7.9788,-473.534,-1.1683
1638176813.222116000,7.98706,-475.45,-1.17369
1638176834.833496000,7.98238,-477.555,-1.14583
1638176836.534366000,8.00267,-479.776,-1.13104
1638176837.534881000,8.10813,-482.021,-1.11216
1638176838.335320000,8.29886,-484.095,-1.09769
1638176839.135709000,8.50777,-486.138,-1.08827
1638176839.836069000,8.67813,-488.329,-1.07361
1638176840.436377000,8.81255,-490.417,-1.05898
1638176841.036685000,8.94881,-492.77,-1.03005
1638176841.536947000,9.04618,-494.872,-1.01265
1638176842.037207000,9.13664,-497.114,-0.99199
1638176842.537467000,9.21192,-499.554,-0.974119
1638176842.937705000,9.27488,-501.653,-0.951093
1638176843.337887000,9.32447,-503.87,-0.930834
1638176843.738091000,9.366,-506.186,-0.914505
1638176844.138302000,9.4237,-508.605,-0.895552
1638176844.538511000,9.4754,-511.129,-0.876615
1638176844.938723000,9.52001,-513.76,-0.857857
1638176845.238885000,9.54442,-515.798,-0.837538
1638176845.539034000,9.57883,-517.863,-0.811447
1638176845.839197000,9.613,-519.918,-0.81532
1638176846.139361000,9.66565,-521.983,-0.810297
1638176846.439502000,9.71578,-524.041,-0.803469
1638176846.739655000,9.76415,-526.092,-0.785045
1638176847.039814000,9.79157,-528.126,-0.778837
1638176847.440026000,9.82127,-530.819,-0.762313
1638176847.840242000,9.8506,-533.484,-0.750622
1638176848.240645000,9.87333,-536.139,-0.751109
1638176848.640647000,9.89474,-538.773,-0.775057
1638176849.040885000,9.92308,-541.425,-0.794308
1638176849.441069000,9.96232,-544.102,-0.821332
1638176849.841296000,10.0054,-546.81,-0.846308
1638176850.241480000,10.0407,-549.54,-0.882096
1638176850.641694000,10.0861,-552.304,-0.907895
1638176850.941844000,10.1332,-554.384,-0.921193
1638176851.242012000,10.1938,-556.461,-0.927194
1638176851.542191000,10.2523,-558.541,-0.939565
1638176851.842310000,10.3133,-560.609,-0.956544
1638176852.142486000,10.3721,-562.665,-0.957623
1638176852.442628000,10.4342,-564.713,-0.960699
1638176852.742788000,10.4972,-566.756,-0.964654
1638176853.042929000,10.5609,-568.789,-0.966166
1638176853.343090000,10.6251,-570.815,-0.965201
1638176853.643242000,10.6909,-572.832,-0.963803
1638176853.943404000,10.7551,-574.848,-0.962452
1638176854.243554000,10.8216,-576.854,-0.967937
1638176854.643763000,10.9091,-579.513,-0.960821
1638176855.043967000,10.9867,-582.156,-0.944006
1638176855.444184000,11.0872,-584.756,-0.933672
1638176855.844372000,11.1617,-587.35,-0.909141
1638176856.244601000,11.2691,-589.886,-0.892277
1638176856.644828000,11.3889,-592.413,-0.865215
1638176857.045017000,11.5149,-594.92,-0.846059
1638176857.445214000,11.6449,-597.408,-0.809562
1638176857.845442000,11.7769,-599.876,-0.758661
1638176858.245632000,11.8754,-602.337,-0.718859
1638176858.645843000,11.9488,-604.786,-0.686639
1638176859.046060000,12.0008,-607.239,-0.658444
1638176859.446257000,12.04,-609.713,-0.630891
1638176859.846459000,12.0634,-612.205,-0.607207
1638176860.246662000,12.0849,-614.72,-0.578599
1638176860.646874000,12.106,-617.259,-0.546933
1638176861.047085000,12.1213,-619.813,-0.526161
1638176861.447290000,12.1345,-622.126,-0.498874
1638176861.847494000,12.148,-624.989,-0.449917
1638176862.247695000,12.1719,-627.588,-0.43753
1638176862.647907000,12.1862,-630.226,-0.403132
1638176863.048682000,12.2108,-632.847,-0.396804
1638176863.448504000,12.2254,-635.48,-0.366549
1638176863.848715000,12.244,-638.111,-0.335157
1638176864.249151000,12.2751,-640.739,-0.312046
1638176864.649122000,12.3085,-643.365,-0.290112
1638176865.049325000,12.3545,-645.986,-0.274593
1638176865.449539000,12.4066,-648.595,-0.267334
1638176865.849737000,12.4616,-651.211,-0.243288
1638176866.249955000,12.5098,-653.819,-0.230898
1638176866.650177000,12.5848,-656.426,-0.211763
1638176867.050363000,12.6618,-659.028,-0.180472
1638176867.450585000,12.7343,-661.639,-0.127381
1638176867.850775000,12.8277,-664.234,-0.0727322
1638176868.251012000,12.9264,-666.842,-0.028295
1638176868.651194000,13.0453,-669.964,-0.00129528
1638176869.051409000,13.1133,-672.046,0.0237893
1638176869.451607000,13.1846,-674.654,0.0562641
1638176869.851814000,13.2546,-677.272,0.0841693
1638176870.252050000,13.3422,-679.9,0.104417
1638176870.652249000,13.4291,-682.54,0.127049
1638176871.052449000,13.5075,-685.17,0.143367
1638176871.452667000,13.571,-687.408,0.165317
1638176871.852869000,13.6648,-690.437,0.189259
1638176872.253058000,13.7272,-693.081,0.216204
1638176872.553218000,13.7735,-695.078,0.242995
1638176872.853372000,13.8211,-697.074,0.267767
1638176873.253578000,13.938,-699.732,0.367198
1638176873.653789000,14.0601,-702.352,0.466556
1638176874.054000000,14.1891,-704.933,0.573671
1638176874.454399000,14.3195,-707.458,0.657961
1638176874.854576000,14.4454,-709.939,0.747008
1638176875.254787000,14.5557,-712.345,0.834253
1638176875.654995000,14.6658,-714.663,0.920269
1638176876.055200000,14.7633,-717.116,0.980456
1638176876.455610000,14.8427,-719.15,1.01531
1638176876.855797000,14.9202,-721.123,1.05365
1638176877.255998000,15.0229,-723.219,1.05506
1638176877.756258000,15.1415,-725.619,1.06389
1638176878.256516000,15.1957,-727.936,1.08437
1638176878.756782000,15.1813,-730.132,1.10534
1638176879.257032000,15.0856,-732.197,1.12804
1638176879.857342000,14.8928,-734.405,1.14477
1638176880.557704000,14.4622,-736.765,1.17838
1638176881.258068000,13.9129,-738.902,1.1882
1638176881.958444000,13.2439,-740.844,1.19747
1638176882.758842000,12.3501,-742.789,1.19415
1638176883.559263000,11.1424,-744.692,1.19462
1638176884.359683000,9.78441,-746.217,1.19419
1638176885.060048000,8.08248,-747.569,1.1841
1638176885.660356000,6.23552,-748.577,1.17025
1638176886.260662000,3.99056,-749.378,1.15799
1638176886.760922000,1.88015,-749.837,1.13018
1638176887.261188000,-0.41133,-750.158,1.11625
1638176887.761616000,-2.82626,-750.406,1.10593
1638176888.161838000,-4.85889,-750.557,1.10009
1638176888.562021000,-6.9788,-750.668,1.10123
1638176888.962231000,-9.13086,-750.767,1.09215
1638176889.362442000,-11.2904,-750.839,1.07709
1638176889.762664000,-13.4771,-750.863,1.07625
1638176890.162880000,-15.6462,-750.86,1.07996
1638176890.563078000,-17.8283,-750.849,1.0882
1638176890.963276000,-20.0134,-750.828,1.08264
1638176891.363933000,-22.1915,-750.802,1.06448
1638176891.763690000,-24.3675,-750.769,1.04495
1638176892.163912000,-26.55,-750.737,1.02145
1638176892.564103000,-28.7493,-750.704,1.00483
1638176892.964337000,-30.9566,-750.68,0.987366
1638176893.364521000,-33.1782,-750.694,0.975786
1638176893.765369000,-35.4275,-750.739,0.968247
1638176894.164933000,-37.7122,-750.801,0.948413
1638176894.565143000,-40.024,-750.894,0.925256
1638176894.965353000,-42.3601,-750.983,0.910836
1638176895.365584000,-44.7137,-751.03,0.909574
1638176895.765769000,-47.1035,-751.066,0.907631
1638176896.165977000,-49.5442,-751.139,0.885012
1638176896.566169000,-52.0054,-751.219,0.857122
1638176896.966376000,-54.4683,-751.299,0.835431
1638176897.366590000,-56.913,-751.386,0.819667
1638176897.766789000,-59.3418,-751.473,0.80661
1638176898.166999000,-61.7338,-751.555,0.784561
1638176898.567208000,-64.0768,-751.637,0.758804
1638176898.967418000,-66.3877,-751.722,0.738723
1638176899.367629000,-68.6717,-751.813,0.718915
1638176899.767834000,-70.9304,-751.904,0.70095
1638176900.168041000,-73.2008,-751.993,0.68779
1638176900.568257000,-75.6641,-752.09,0.672177
1638176900.968455000,-77.9804,-752.174,0.652947
1638176901.368667000,-80.5004,-752.269,0.629067
1638176901.768867000,-83.0969,-752.371,0.609849
1638176902.069029000,-85.0886,-752.451,0.599272
1638176902.369199000,-87.1126,-752.528,0.589834
1638176902.669339000,-89.1601,-752.605,0.580907
1638176902.969497000,-91.2277,-752.655,0.532814
1638176903.269653000,-93.3331,-752.675,0.449344
1638176903.569802000,-95.4631,-752.692,0.362046
1638176903.869962000,-97.611,-752.715,0.285045
1638176904.170114000,-99.7639,-752.766,0.278024
1638176904.470287000,-101.943,-752.814,0.268745
1638176904.770418000,-104.137,-752.867,0.254233
1638176905.070580000,-106.337,-752.924,0.240111
1638176905.370736000,-108.562,-752.982,0.239244
1638176905.670888000,-110.643,-753.035,0.224208
1638176905.971073000,-113.039,-753.102,0.213911
1638176906.271217000,-115.289,-753.168,0.203677
1638176906.571373000,-117.554,-753.235,0.200145
1638176906.871534000,-119.832,-753.306,0.199549
1638176907.171671000,-122.115,-753.384,0.197133
1638176907.471859000,-124.408,-753.465,0.198434
1638176907.771985000,-126.71,-753.546,0.202556
1638176908.072141000,-129.019,-753.632,0.206586
1638176908.372628000,-131.336,-753.718,0.210548
1638176908.672472000,-133.663,-753.809,0.212487
1638176908.972606000,-135.97,-753.907,0.204438
1638176909.272783000,-138.298,-754.004,0.218776
1638176909.572947000,-140.611,-754.102,0.217285
1638176909.873088000,-142.928,-754.205,0.224785
1638176910.173233000,-145.246,-754.307,0.220134
1638176910.473400000,-147.536,-754.414,0.207383
1638176910.773543000,-149.848,-754.523,0.215339
1638176911.073698000,-152.136,-754.629,0.197745
1638176911.373860000,-154.422,-754.733,0.192219
1638176911.674009000,-156.557,-754.833,0.185728
1638176911.974194000,-158.975,-754.956,0.176758
1638176912.274313000,-161.248,-755.076,0.184249
1638176912.574475000,-163.51,-755.189,0.184503
1638176912.874634000,-165.753,-755.304,0.182375
1638176913.174785000,-168.0,-755.412,0.184402
1638176913.474946000,-170.228,-755.517,0.178433
1638176913.775097000,-172.438,-755.621,0.165679
1638176914.075249000,-174.645,-755.723,0.166678
1638176914.375581000,-176.984,-755.832,0.159485
1638176914.675748000,-179.167,-755.936,0.159736
1638176914.975893000,-181.347,-756.039,0.159262
1638176915.277321000,-183.51,-756.14,0.152869
1638176915.576233000,-185.66,-756.24,0.151048
1638176915.876368000,-187.818,-756.347,0.153432
1638176916.176516000,-189.927,-756.454,0.12901
1638176916.476679000,-192.033,-756.563,0.131397
1638176916.776832000,-194.091,-756.679,0.121904
1638176917.076982000,-196.099,-756.792,0.118601
1638176917.477191000,-198.678,-756.942,0.1063
1638176917.877413000,-201.405,-757.076,0.0954696
1638176918.277612000,-203.583,-757.162,0.0869967
1638176918.677814000,-205.947,-757.245,0.0710231
1638176919.078094000,-208.277,-757.326,0.0675366
1638176919.478247000,-210.559,-757.409,0.0605677
1638176919.878437000,-212.803,-757.485,0.062779
1638176920.278662000,-215.027,-757.548,0.0638979
1638176920.678848000,-217.252,-757.596,0.0777954
1638176921.079051000,-219.472,-757.644,0.085866
1638176921.479262000,-221.697,-757.687,0.0904738
1638176921.879470000,-223.937,-757.75,0.0898517
1638176922.279674000,-226.212,-757.839,0.0952178
1638176922.679877000,-228.524,-757.955,0.0969547
1638176923.080089000,-230.873,-758.088,0.0953412
1638176923.480930000,-233.251,-758.232,0.0973964
1638176923.880506000,-235.86,-758.399,0.10272
1638176924.280711000,-237.968,-758.533,0.106209
1638176924.680914000,-240.274,-758.675,0.113235
1638176925.081134000,-242.463,-758.805,0.11303
1638176925.481334000,-244.52,-758.919,0.116994
1638176925.981594000,-246.894,-759.045,0.11802
1638176926.481878000,-249.124,-759.138,0.12063
1638176926.982109000,-251.213,-759.207,0.116954
1638176927.582421000,-253.603,-759.262,0.118197
1638176928.182758000,-255.908,-759.306,0.121246
1638176928.783043000,-258.152,-759.345,0.123069
1638176929.383361000,-260.428,-759.374,0.121691
1638176929.983679000,-262.777,-759.424,0.125798
1638176930.483933000,-264.812,-759.482,0.139753
1638176930.984186000,-266.918,-759.574,0.147454
1638176931.484464000,-269.083,-759.681,0.154325
1638176931.984709000,-271.327,-759.809,0.163161
1638176932.484973000,-273.644,-759.94,0.168744
1638176932.985226000,-276.027,-760.073,0.17136
1638176933.485478000,-278.459,-760.202,0.167031
1638176933.885695000,-280.444,-760.29,0.171311
1638176934.285904000,-282.435,-760.382,0.166026
1638176934.686102000,-284.452,-760.457,0.160853
1638176935.086315000,-286.473,-760.513,0.154529
1638176935.486529000,-288.533,-760.557,0.153254
1638176935.886732000,-290.596,-760.586,0.142203
1638176936.286943000,-292.688,-760.568,0.127568
1638176936.687141000,-294.802,-760.537,0.132585
1638176937.087353000,-296.951,-760.559,0.135599
1638176937.487564000,-299.13,-760.618,0.124004
1638176937.887764000,-301.33,-760.672,0.104059
1638176938.287976000,-303.574,-760.679,0.10201
1638176938.688177000,-305.808,-760.687,0.0841079
1638176939.088387000,-308.022,-760.721,0.0759459
1638176939.488591000,-310.188,-760.777,0.066617
1638176939.888800000,-312.286,-760.832,0.0583895
1638176940.289028000,-314.295,-760.87,0.0317165
1638176940.789281000,-316.701,-760.921,-0.000449807
1638176941.289538000,-319.035,-760.97,-0.0251529
1638176941.790157000,-321.285,-761.017,-0.0523301
1638176942.290063000,-323.459,-761.103,-0.0581918
1638176942.790293000,-325.576,-761.209,-0.0507663
1638176943.290555000,-327.636,-761.315,-0.100615
1638176943.790822000,-329.606,-761.423,-0.180892
1638176944.291069000,-331.786,-761.536,-0.202451
1638176944.791329000,-333.951,-761.654,-0.225323
1638176945.291603000,-336.422,-761.817,-0.232457
1638176945.691795000,-338.507,-761.972,-0.231766
1638176946.092031000,-341.218,-762.165,-0.227679
1638176946.492205000,-342.901,-762.284,-0.22588
1638176946.892416000,-345.203,-762.427,-0.23688
1638176947.292620000,-347.511,-762.501,-0.271187
1638176947.692821000,-349.825,-762.537,-0.301681
1638176948.093034000,-352.117,-762.58,-0.309534
1638176948.493242000,-354.392,-762.633,-0.298229
1638176948.893458000,-356.647,-762.675,-0.293526
1638176949.293659000,-358.906,-762.682,-0.311344
1638176949.694015000,-361.091,-762.687,-0.333074
1638176950.094077000,-363.162,-762.712,-0.345579
1638176950.594334000,-365.589,-762.764,-0.355615
1638176951.094598000,-367.912,-762.83,-0.365209
1638176951.594856000,-370.203,-762.909,-0.378617
1638176952.095118000,-372.585,-762.968,-0.392652
1638176952.595383000,-374.932,-763.017,-0.399586
1638176953.095633000,-377.246,-763.136,-0.405334
1638176953.495856000,-379.37,-763.297,-0.407699
1638176953.896051000,-381.496,-763.476,-0.41176
1638176954.296255000,-383.706,-763.672,-0.427315
1638176954.696485000,-386.007,-763.865,-0.443544
1638176955.096679000,-388.382,-764.01,-0.447079
1638176955.496877000,-390.8,-764.106,-0.44963
1638176955.897086000,-393.243,-764.178,-0.455065
1638176956.297299000,-395.672,-764.236,-0.488748
1638176956.697505000,-398.107,-764.28,-0.521643
1638176957.097710000,-400.574,-764.319,-0.539364
1638176957.497921000,-403.057,-764.351,-0.554156
1638176957.898132000,-405.539,-764.374,-0.568273
1638176958.298333000,-407.887,-764.376,-0.56806
1638176958.698537000,-410.351,-764.372,-0.565701
1638176959.098773000,-412.828,-764.373,-0.562075
1638176959.498956000,-416.388,-764.382,-0.560651
1638176959.899873000,-418.072,-764.397,-0.558472
1638176960.299376000,-420.427,-764.444,-0.560123
1638176960.699593000,-422.398,-764.484,-0.560214
1638176961.099792000,-424.806,-764.531,-0.55727
1638176961.500029000,-427.398,-764.578,-0.555015
1638176961.900235000,-429.155,-764.612,-0.563244
1638176962.300415000,-431.495,-764.66,-0.592858
1638176962.700616000,-433.48,-764.708,-0.610055
1638176963.100826000,-435.538,-764.761,-0.627661
1638176963.501035000,-437.568,-764.816,-0.638743
1638176964.001295000,-440.273,-764.916,-0.660812
1638176964.501558000,-442.552,-765.031,-0.689614
1638176965.001818000,-444.991,-765.138,-0.719254
1638176965.502079000,-447.405,-765.206,-0.742803
1638176966.002333000,-449.784,-765.274,-0.746294
1638176966.502619000,-452.101,-765.335,-0.70969
1638176967.002852000,-454.416,-765.415,-0.699278
1638176967.503168000,-456.761,-765.535,-0.74571
1638176968.003386000,-459.167,-765.689,-0.803602
1638176968.503637000,-461.665,-765.905,-0.875494
1638176968.903838000,-463.729,-766.057,-0.932088
1638176969.304104000,-465.894,-766.113,-0.974139
1638176969.704254000,-468.096,-766.163,-1.0147
1638176970.104488000,-470.269,-766.185,-1.07669
1638176970.504856000,-472.423,-766.191,-1.14456
1638176970.905049000,-474.573,-766.198,-1.20748
1638176971.305257000,-476.738,-766.234,-1.23656
1638176971.705459000,-478.883,-766.266,-1.27324
1638176972.105674000,-481.01,-766.306,-1.30358
1638176972.505884000,-483.01,-766.345,-1.32452
1638176972.906089000,-485.136,-766.384,-1.34825
1638176973.406362000,-487.34,-766.384,-1.37519
1638176973.906607000,-489.454,-766.388,-1.40757
1638176974.406866000,-491.604,-766.402,-1.47954
1638176974.907125000,-493.612,-766.414,-1.54577
1638176975.507436000,-495.89,-766.441,-1.58359
1638176976.107742000,-498.12,-766.47,-1.60067
1638176976.708082000,-500.287,-766.49,-1.6288
1638176977.308544000,-502.356,-766.493,-1.66117
1638176978.008898000,-504.716,-766.5,-1.70167
1638176978.709260000,-507.234,-766.575,-1.73451
1638176979.309579000,-509.251,-766.521,-1.75617
1638176979.909916000,-511.345,-766.455,-1.77655
1638176980.510197000,-513.679,-766.538,-1.81472
1638176981.010456000,-515.744,-766.598,-1.81896
1638176981.510717000,-517.886,-766.625,-1.78
1638176982.010978000,-520.125,-766.688,-1.76059
1638176982.511238000,-522.497,-766.802,-1.77976
1638176983.011503000,-524.993,-766.94,-1.80291
1638176983.511747000,-527.509,-767.099,-1.84343
1638176983.911955000,-529.548,-767.24,-1.86753
1638176984.312189000,-531.609,-767.379,-1.89936
1638176984.712369000,-533.701,-767.522,-1.93802
1638176985.112577000,-535.856,-767.662,-1.9563
1638176985.512792000,-538.069,-767.787,-1.97364
1638176985.913009000,-540.344,-767.883,-1.99779
1638176986.313381000,-542.676,-767.96,-2.03044
1638176986.713600000,-545.052,-768.004,-2.06106
1638176987.113793000,-547.453,-768.03,-2.0975
1638176987.514003000,-549.873,-768.044,-2.13425
1638176987.914220000,-552.306,-768.051,-2.1648
1638176988.314437000,-554.743,-768.033,-2.17534
1638176988.715055000,-557.193,-768.01,-2.18875
1638176989.114821000,-559.66,-767.983,-2.20693
1638176989.515045000,-562.121,-767.938,-2.23099
1638176989.915261000,-564.576,-767.892,-2.24861
1638176990.315476000,-567.012,-767.845,-2.263
1638176990.715666000,-569.425,-767.785,-2.27387
1638176991.116470000,-571.941,-767.72,-2.28632
1638176991.516105000,-574.215,-767.65,-2.30079
1638176991.916344000,-576.614,-767.565,-2.31519
1638176992.316489000,-579.03,-767.481,-2.32791
1638176992.716707000,-581.582,-767.388,-2.34367
1638176993.116900000,-583.915,-767.275,-2.36312
1638176993.517111000,-586.376,-767.14,-2.38225
1638176993.917320000,-588.929,-766.997,-2.40023
1638176994.317524000,-591.166,-766.884,-2.41309
1638176994.717728000,-594.2,-766.737,-2.43751
1638176995.117936000,-595.988,-766.665,-2.45821
1638176995.519844000,-598.37,-766.575,-2.48625
1638176995.918529000,-600.748,-766.489,-2.50971
1638176996.318741000,-603.134,-766.402,-2.51744
1638176996.719072000,-605.514,-766.318,-2.52431
1638176997.119150000,-607.854,-766.249,-2.53889
1638176997.519380000,-610.179,-766.192,-2.56122
1638176997.921970000,-612.511,-766.142,-2.58404
1638176998.319779000,-614.873,-766.093,-2.59902
1638176998.720012000,-617.24,-766.046,-2.61488
1638176999.120187000,-619.613,-766.003,-2.63271
1638176999.520391000,-621.99,-765.967,-2.64918
1638176999.920619000,-624.38,-765.941,-2.66372
1638177000.320812000,-626.773,-765.919,-2.68575
1638177000.721014000,-629.424,-765.899,-2.70988
1638177001.121236000,-631.863,-765.847,-2.74334
1638177001.921638000,-637.282,-765.773,-2.80984
1638177002.321847000,-638.761,-765.794,-2.82912
1638177002.722058000,-641.04,-765.832,-2.85897
1638177003.122259000,-643.485,-765.806,-2.87791
1638177003.522471000,-645.988,-765.763,-2.89886
1638177003.922689000,-648.526,-765.7,-2.91666
1638177004.322912000,-651.12,-765.561,-2.93238
1638177004.723084000,-653.739,-765.418,-2.94549
1638177005.123297000,-656.309,-765.363,-2.96669
1638177005.523506000,-658.881,-765.325,-2.98242
1638177005.923708000,-661.467,-765.277,-2.99873
1638177006.323920000,-664.084,-765.237,-3.01176
1638177006.624071000,-666.044,-765.207,-3.02025
1638177006.924243000,-668.096,-765.219,-3.02225
1638177007.324442000,-671.107,-765.354,-3.02163
1638177008.825222000,-681.674,-764.885,-3.1375
1638177009.225416000,-684.327,-764.811,-3.13744
1638177009.526324000,-686.324,-764.756,-3.13858
1638177009.825722000,-688.328,-764.702,-3.14506
1638177010.125884000,-690.409,-764.692,-3.19069
1638177010.426040000,-692.511,-764.679,-3.24194
1638177010.726195000,-694.619,-764.702,-3.29543
1638177011.026351000,-696.713,-764.707,-3.3462
1638177011.326516000,-698.834,-764.709,-3.37661
1638177011.626665000,-700.952,-764.708,-3.41816
1638177011.926826000,-703.101,-764.729,-3.43605
1638177012.226977000,-705.24,-764.754,-3.44024
1638177012.527162000,-707.4,-764.77,-3.44123
1638177012.827290000,-709.562,-764.78,-3.43926
1638177013.127460000,-711.724,-764.784,-3.43904
1638177013.427604000,-713.877,-764.781,-3.44433
1638177013.727769000,-716.027,-764.773,-3.44686
1638177014.027914000,-718.159,-764.759,-3.45041
1638177014.328067000,-720.285,-764.742,-3.44701
1638177014.628219000,-722.403,-764.737,-3.44758
1638177014.928378000,-724.508,-764.744,-3.45482
1638177015.228531000,-726.607,-764.769,-3.45858
1638177015.528683000,-728.689,-764.798,-3.46108
1638177015.828837000,-730.768,-764.833,-3.45993
1638177016.128995000,-732.829,-764.885,-3.45588
1638177016.429157000,-734.873,-764.949,-3.45957
1638177016.729321000,-736.91,-765.016,-3.45761
1638177017.029467000,-738.943,-765.078,-3.46525
1638177017.329658000,-740.974,-765.136,-3.4772
1638177017.729826000,-743.653,-765.232,-3.49526
1638177018.130038000,-746.265,-765.353,-3.51703
1638177018.530246000,-748.801,-765.487,-3.54162
1638177018.930462000,-751.277,-765.622,-3.56829
1638177019.330662000,-753.678,-765.742,-3.60799
1638177019.730876000,-755.941,-765.864,-3.65095
1638177020.131074000,-758.127,-766.052,-3.50142
1638177020.631371000,-760.684,-766.307,-3.22969
1638177021.631873000,-765.67,-766.733,-3.11246
1638177022.232172000,-767.248,-766.86,-3.13091
1638177022.832466000,-769.447,-767.034,-3.15106
1638177023.432811000,-771.598,-767.202,-3.19006
1638177024.033093000,-773.708,-767.364,-3.22491
1638177024.633404000,-775.8,-767.516,-3.25324
1638177025.233757000,-777.88,-767.658,-3.2685
1638177025.834040000,-779.963,-767.795,-3.28184
1638177026.434354000,-782.064,-767.945,-3.30984
1638177027.034651000,-784.158,-768.11,-3.33888
1638177027.634963000,-786.307,-768.309,-3.36744
1638177028.235268000,-788.407,-768.472,-3.38105
1638177028.835591000,-790.445,-768.62,-3.39196
1638177029.435896000,-792.558,-768.78,-3.42452
1638177030.036210000,-794.74,-768.962,-3.45746
1638177030.636533000,-796.837,-769.171,-3.49246
1638177031.236849000,-798.917,-769.4,-3.52218
1638177031.837127000,-800.957,-769.629,-3.54182
1638177032.437471000,-802.943,-769.86,-3.56815
1638177033.137807000,-805.178,-770.119,-3.59425
1638177033.838185000,-807.342,-770.375,-3.61304
1638177034.538564000,-809.525,-770.638,-3.62298
1638177035.238907000,-811.739,-770.891,-3.6299
1638177035.939998000,-813.973,-771.132,-3.64552
1638177036.639625000,-816.237,-771.361,-3.67457
1638177037.340008000,-818.516,-771.592,-3.71102
1638177037.940300000,-820.438,-771.784,-3.741
1638177038.540616000,-822.53,-771.986,-3.76061
1638177039.140914000,-824.566,-772.17,-3.78739
1638177039.741225000,-826.561,-772.337,-3.80896
1638177040.441595000,-828.736,-772.518,-3.81351
1638177041.141996000,-830.76,-772.682,-3.81633
1638177041.942374000,-832.972,-772.852,-3.81555
1638177042.742786000,-835.241,-773.018,-3.80665
1638177043.443185000,-837.286,-773.156,-3.8155
1638177044.143511000,-839.319,-773.296,-3.82694
1638177044.843886000,-841.332,-773.451,-3.83571
1638177045.544240000,-843.376,-773.617,-3.84436
1638177046.244634000,-845.467,-773.818,-3.85195
1638177046.944962000,-847.564,-774.049,-3.85734
1638177047.645317000,-849.621,-774.275,-3.87793
1638177048.345884000,-851.655,-774.538,-3.88815
1638177049.046225000,-853.672,-774.837,-3.89454
1638177049.746607000,-855.711,-775.204,-3.90483
1638177050.446955000,-857.746,-775.639,-3.92427
1638177051.247548000,-859.949,-776.214,-3.93916
1638177052.047959000,-861.988,-776.85,-3.9354
1638177052.848365000,-863.998,-777.556,-3.91509
1638177053.648816000,-866.038,-778.327,-3.91164
1638177054.449206000,-868.113,-779.208,-3.92624
1638177055.149561000,-869.964,-780.088,-3.92603
1638177055.849921000,-871.795,-781.055,-3.92568
1638177056.550294000,-873.636,-782.078,-3.92765
1638177057.250646000,-875.481,-783.141,-3.94358
1638177057.951017000,-877.26,-784.234,-3.96447
1638177058.651370000,-879.079,-785.397,-3.96939
1638177059.352070000,-880.909,-786.669,-3.98116
1638177060.052113000,-882.726,-788.135,-3.99284
1638177060.652415000,-884.305,-789.556,-4.0018
1638177061.252752000,-886.033,-791.24,-4.00639
1638177061.753007000,-887.566,-792.843,-4.01212
1638177062.253240000,-889.199,-794.577,-4.03406
1638177062.653448000,-890.632,-796.047,-4.05575
1638177063.053681000,-892.202,-797.566,-4.06511
1638177063.453868000,-893.902,-799.107,-4.06495
1638177063.854073000,-895.73,-800.624,-4.06373
1638177064.254787000,-897.68,-802.079,-4.06698
1638177064.654484000,-899.77,-803.477,-4.06038
1638177065.054693000,-901.978,-804.829,-4.06002
1638177065.454904000,-904.278,-806.175,-4.05737
1638177065.855106000,-906.655,-807.514,-4.05733
1638177066.155279000,-908.592,-808.574,-4.0632
1638177066.455418000,-910.434,-809.561,-4.07359
1638177066.755572000,-912.311,-810.563,-4.08002
1638177067.055745000,-914.252,-811.59,-4.08674
1638177067.355890000,-916.235,-812.638,-4.09409
1638177067.656240000,-918.248,-813.702,-4.10365
1638177067.956199000,-920.269,-814.777,-4.11043
1638177068.256353000,-922.295,-815.868,-4.11562
1638177068.556515000,-924.326,-816.971,-4.12338
1638177068.856668000,-926.36,-818.086,-4.12754
1638177069.156817000,-928.401,-819.223,-4.12523
1638177069.456974000,-930.439,-820.37,-4.12815
1638177069.757712000,-932.484,-821.538,-4.12712
1638177070.057286000,-934.52,-822.722,-4.13118
1638177070.358790000,-936.541,-823.922,-4.13872
1638177070.657608000,-938.543,-825.132,-4.14829
1638177070.957752000,-940.521,-826.356,-4.15682
1638177071.257901000,-942.478,-827.592,-4.16239
1638177071.558055000,-944.409,-828.834,-4.17355
1638177071.858211000,-946.333,-830.076,-4.18016
1638177072.158826000,-948.256,-831.3,-4.19419
1638177072.458518000,-950.178,-832.519,-4.20315
1638177072.758670000,-952.089,-833.732,-4.21837
1638177073.058828000,-954.004,-834.947,-4.22501
1638177073.358989000,-955.921,-836.159,-4.2371
1638177073.659141000,-957.825,-837.374,-4.24616
1638177073.959301000,-959.738,-838.595,-4.24419
1638177074.259475000,-961.667,-839.804,-4.2498
1638177074.559602000,-963.569,-841.017,-4.26458
1638177074.859771000,-965.503,-842.231,-4.25504
1638177075.159920000,-967.433,-843.416,-4.26565
1638177075.460073000,-969.399,-844.575,-4.26364
1638177075.760226000,-971.368,-845.702,-4.2752
1638177076.060398000,-973.361,-846.802,-4.27953
1638177076.360731000,-975.366,-847.866,-4.28914
1638177076.660871000,-977.374,-848.903,-4.29385
1638177076.961041000,-979.391,-849.904,-4.29571
1638177077.261193000,-981.411,-850.879,-4.29027
1638177077.561364000,-983.419,-851.821,-4.2872
1638177077.861512000,-985.42,-852.727,-4.28035
1638177078.161652000,-987.391,-853.583,-4.27603
1638177078.461810000,-989.322,-854.396,-4.26937
1638177078.761964000,-991.209,-855.163,-4.25835
1638177079.062123000,-993.038,-855.898,-4.25411
1638177079.462327000,-995.381,-856.814,-4.25621
1638177079.862535000,-997.654,-857.666,-4.25383
1638177080.262737000,-999.885,-858.443,-4.24882
1638177080.662948000,-1002.06,-859.164,-4.23577
1638177081.063158000,-1004.23,-859.831,-4.2369
1638177081.463878000,-1006.31,-860.452,-4.27562
1638177081.863579000,-1008.38,-861.048,-4.2705
1638177082.263781000,-1010.47,-861.635,-4.25071
1638177082.663994000,-1012.57,-862.196,-4.24633
1638177083.064204000,-1014.72,-862.736,-4.24245
1638177083.464417000,-1016.93,-863.26,-4.24319
1638177083.864613000,-1019.18,-863.775,-4.2472
1638177084.264844000,-1021.49,-864.285,-4.23322
1638177084.665041000,-1023.87,-864.755,-4.2198
1638177085.065259000,-1026.3,-865.167,-4.2135
1638177085.465438000,-1028.78,-865.519,-4.20634
1638177085.865672000,-1031.29,-865.809,-4.1988
1638177086.265854000,-1033.82,-866.053,-4.19066
1638177086.666054000,-1036.36,-866.257,-4.18408
1638177087.066279000,-1038.9,-866.445,-4.17477
1638177087.466649000,-1041.46,-866.618,-4.15339
1638177087.866859000,-1043.99,-866.774,-4.14343
1638177088.267061000,-1046.53,-866.917,-4.13782
1638177088.667264000,-1049.04,-867.056,-4.13839
1638177089.067477000,-1051.55,-867.176,-4.14821
1638177089.467683000,-1054.04,-867.278,-4.17965
1638177089.867895000,-1056.52,-867.376,-4.20859
1638177090.268095000,-1058.97,-867.484,-4.23033
1638177090.668477000,-1061.41,-867.595,-4.24797
1638177091.068687000,-1063.79,-867.771,-4.25239
1638177091.468898000,-1066.16,-868.005,-4.21128
1638177091.869126000,-1068.49,-868.253,-4.1863
1638177092.269323000,-1070.81,-868.472,-4.19281
1638177092.670754000,-1073.12,-868.665,-4.20361
1638177093.069723000,-1075.48,-868.838,-4.19887
1638177093.469932000,-1077.9,-868.982,-4.201
1638177093.870911000,-1080.4,-869.103,-4.20253
1638177094.270344000,-1082.97,-869.2,-4.20045
1638177094.670555000,-1085.6,-869.282,-4.19958
1638177095.070768000,-1088.26,-869.356,-4.19675
1638177095.370924000,-1090.26,-869.407,-4.204
1638177095.671077000,-1092.29,-869.459,-4.20071
1638177095.971229000,-1094.32,-869.509,-4.2026
1638177096.271410000,-1096.36,-869.559,-4.2042
1638177096.571545000,-1098.43,-869.612,-4.20863
1638177096.871693000,-1100.66,-869.671,-4.21267
1638177097.171856000,-1102.64,-869.725,-4.21236
1638177097.472010000,-1104.78,-869.783,-4.21517
1638177097.772169000,-1106.93,-869.844,-4.21695
1638177098.072316000,-1109.12,-869.907,-4.21859
1638177098.372474000,-1111.33,-869.978,-4.22078
1638177098.672631000,-1113.55,-870.054,-4.22725
1638177098.972811000,-1115.78,-870.139,-4.22642
1638177099.272940000,-1118.04,-870.238,-4.21692
1638177099.573097000,-1120.29,-870.343,-4.21909
1638177099.873250000,-1122.57,-870.459,-4.20751
1638177100.173415000,-1124.83,-870.58,-4.21656
1638177100.473561000,-1127.12,-870.709,-4.2124
1638177100.773736000,-1129.39,-870.841,-4.21385
1638177101.073883000,-1131.68,-870.975,-4.19576
1638177101.374045000,-1133.97,-871.1,-4.1882
1638177101.674184000,-1136.26,-871.225,-4.17265
1638177101.974342000,-1138.57,-871.341,-4.1641
1638177102.274494000,-1140.89,-871.439,-4.17145
1638177102.574659000,-1143.22,-871.526,-4.18186
1638177102.874806000,-1145.57,-871.607,-4.18533
1638177103.174957000,-1147.91,-871.682,-4.19027
1638177103.475111000,-1150.42,-871.757,-4.199
1638177103.775266000,-1152.63,-871.82,-4.20122
1638177104.075421000,-1155.15,-871.899,-4.21113
1638177104.376213000,-1157.38,-871.967,-4.20763
1638177104.675733000,-1159.93,-872.046,-4.21105
1638177104.977163000,-1162.18,-872.116,-4.20788
1638177105.276079000,-1164.6,-872.194,-4.20911
1638177105.576204000,-1167.18,-872.28,-4.21469
1638177105.876380000,-1169.62,-872.363,-4.21653
1638177106.177884000,-1172.06,-872.444,-4.22309
1638177106.476701000,-1174.51,-872.523,-4.22992
1638177106.776902000,-1176.95,-872.603,-4.23102
1638177107.076979000,-1179.4,-872.669,-4.23291
1638177107.377140000,-1181.83,-872.739,-4.23462
1638177107.677303000,-1184.26,-872.806,-4.23085
1638177107.977450000,-1186.65,-872.887,-4.23269
1638177108.277601000,-1189.01,-872.984,-4.23152
1638177108.577933000,-1191.35,-873.085,-4.23932
1638177108.878107000,-1193.53,-873.185,-4.23803
1638177109.178248000,-1196.08,-873.337,-4.24253
1638177109.478446000,-1198.47,-873.481,-4.24634
1638177109.778558000,-1200.85,-873.627,-4.25662
1638177110.078710000,-1203.18,-873.725,-4.27846
1638177110.378881000,-1205.49,-873.818,-4.29998
1638177110.679020000,-1207.82,-873.912,-4.31165
1638177110.979185000,-1210.1,-874.033,-4.3316
1638177111.279330000,-1212.24,-874.171,-4.32104
1638177111.579490000,-1214.53,-874.325,-4.31663
1638177111.879643000,-1216.97,-874.485,-4.31156
1638177112.179818000,-1219.26,-874.608,-4.3147
1638177112.479948000,-1221.54,-874.733,-4.32202
1638177112.780097000,-1223.83,-874.865,-4.3192
1638177113.080258000,-1226.13,-874.996,-4.32172
1638177113.380416000,-1228.44,-875.128,-4.32223
1638177113.680596000,-1230.74,-875.263,-4.33761
1638177113.980728000,-1233.02,-875.395,-4.34978
1638177114.280885000,-1235.29,-875.523,-4.36107
1638177114.581214000,-1237.57,-875.647,-4.37174
1638177114.881982000,-1239.84,-875.756,-4.38815
1638177115.181543000,-1242.11,-875.83,-4.42571
1638177115.481694000,-1244.37,-875.902,-4.46063
1638177115.781860000,-1246.64,-875.978,-4.47809
1638177116.081993000,-1248.91,-876.075,-4.49565
1638177116.382162000,-1251.16,-876.173,-4.5147
1638177116.682318000,-1253.4,-876.268,-4.53827
1638177116.982459000,-1255.63,-876.373,-4.54786
1638177117.282611000,-1257.87,-876.486,-4.54491
1638177117.582775000,-1260.08,-876.596,-4.55369
1638177117.882942000,-1262.27,-876.701,-4.56295
1638177118.183092000,-1264.45,-876.806,-4.56368
1638177118.483240000,-1266.6,-876.907,-4.56579
1638177118.783420000,-1268.72,-877.008,-4.57306
1638177119.083550000,-1270.81,-877.107,-4.57948
1638177119.383712000,-1272.84,-877.205,-4.58807
1638177119.783915000,-1275.44,-877.332,-4.59005
1638177120.184118000,-1277.92,-877.463,-4.57846
1638177120.584326000,-1280.22,-877.585,-4.57173
1638177120.984537000,-1282.31,-877.687,-4.57165
1638177121.484956000,-1284.66,-877.781,-4.56591
1638177121.985052000,-1286.67,-877.858,-4.57207
1638177122.585371000,-1288.73,-877.945,-4.56847
1638177123.285735000,-1290.89,-878.031,-4.57282
1638177123.986098000,-1292.93,-878.074,-4.60901
1638177124.686451000,-1294.97,-878.012,-4.63271
1638177125.486867000,-1297.35,-877.896,-4.65309
1638177126.187247000,-1299.57,-877.901,-4.62885
1638177126.787535000,-1301.69,-878.003,-4.584
1638177127.387856000,-1304.1,-878.023,-4.63559
1638177127.888132000,-1306.3,-878.048,-4.68482
1638177128.388366000,-1308.63,-878.184,-4.67115
1638177128.888652000,-1311.1,-878.333,-4.65624
1638177129.288838000,-1313.25,-878.405,-4.60797
1638177129.689040000,-1315.48,-878.486,-4.56366
1638177130.089252000,-1317.77,-878.62,-4.53029
1638177130.489466000,-1320.14,-878.774,-4.50501
1638177130.889677000,-1322.56,-878.958,-4.486
1638177131.290618000,-1325.04,-879.159,-4.48949
1638177131.690075000,-1327.53,-879.355,-4.50572
1638177132.090425000,-1330.07,-879.539,-4.51726
1638177132.490649000,-1332.64,-879.705,-4.53483
1638177132.890819000,-1335.25,-879.871,-4.54499
1638177133.291029000,-1337.91,-880.062,-4.55828
1638177133.591182000,-1339.93,-880.2,-4.56288
1638177133.891334000,-1341.97,-880.338,-4.5707
1638177134.191488000,-1343.89,-880.459,-4.57062
1638177134.491640000,-1346.09,-880.591,-4.58261
1638177134.791793000,-1348.2,-880.717,-4.58719
1638177135.091994000,-1350.33,-880.849,-4.59717
1638177135.392108000,-1352.5,-880.987,-4.59642
1638177135.692260000,-1354.69,-881.127,-4.59993
1638177135.992430000,-1356.9,-881.274,-4.60134
1638177136.292594000,-1359.14,-881.419,-4.61013
1638177136.592731000,-1361.38,-881.567,-4.62265
1638177136.892889000,-1363.66,-881.713,-4.62676
1638177137.193041000,-1365.94,-881.849,-4.63376
1638177137.493219000,-1368.25,-881.985,-4.62171
1638177137.793354000,-1370.56,-882.12,-4.62847
1638177138.093544000,-1372.87,-882.266,-4.63911
1638177138.393667000,-1375.17,-882.414,-4.65375
1638177138.693846000,-1377.48,-882.563,-4.66247
1638177138.993975000,-1379.8,-882.716,-4.66732
1638177139.294127000,-1382.13,-882.869,-4.67078
1638177139.594284000,-1384.47,-883.02,-4.67606
1638177139.894451000,-1386.8,-883.171,-4.68145
1638177140.194593000,-1389.14,-883.317,-4.65199
1638177140.494750000,-1391.47,-883.46,-4.62861
1638177140.794909000,-1393.78,-883.598,-4.60521
1638177141.095090000,-1396.25,-883.736,-4.60852
1638177141.395857000,-1398.39,-883.856,-4.61425
1638177141.695375000,-1400.82,-883.987,-4.61775
1638177141.995534000,-1403.08,-884.121,-4.61652
1638177142.295691000,-1405.19,-884.248,-4.60936
1638177142.595845000,-1407.57,-884.368,-4.60866
1638177142.896019000,-1409.78,-884.483,-4.60164
1638177143.196156000,-1411.95,-884.593,-4.58834
1638177143.496338000,-1414.12,-884.682,-4.55994
1638177143.797106000,-1416.13,-884.758,-4.54573
1638177144.096620000,-1418.42,-884.866,-4.53172
1638177144.396781000,-1420.57,-884.97,-4.52431
1638177144.696959000,-1422.69,-885.071,-4.53012
1638177144.997089000,-1424.83,-885.166,-4.51459
1638177145.297262000,-1426.97,-885.256,-4.51287
1638177145.597403000,-1429.11,-885.35,-4.51368
1638177145.897554000,-1431.26,-885.441,-4.52034
1638177146.197723000,-1433.41,-885.54,-4.52203
1638177146.497867000,-1435.56,-885.644,-4.51716
1638177146.798028000,-1437.74,-885.751,-4.5019
1638177147.098188000,-1439.94,-885.853,-4.49967
1638177147.398334000,-1442.13,-885.953,-4.52011
1638177147.698487000,-1444.17,-886.043,-4.52673
1638177147.998663000,-1446.52,-886.149,-4.50849
1638177148.298790000,-1448.72,-886.249,-4.49664
1638177148.598942000,-1450.92,-886.351,-4.49494
1638177148.899117000,-1453.1,-886.458,-4.50601
1638177149.199266000,-1455.14,-886.563,-4.51913
1638177149.499415000,-1457.47,-886.686,-4.52972
1638177149.799565000,-1459.51,-886.794,-4.53633
1638177150.099750000,-1461.84,-886.912,-4.53765
1638177150.399885000,-1464.02,-887.02,-4.53975
1638177150.700050000,-1466.19,-887.132,-4.54839
1638177151.000195000,-1468.37,-887.244,-4.55253
1638177151.300367000,-1470.54,-887.357,-4.55881
1638177151.600507000,-1472.7,-887.471,-4.5605
1638177151.900672000,-1474.87,-887.583,-4.56076
1638177152.200820000,-1477.04,-887.691,-4.54752
1638177152.500976000,-1479.2,-887.798,-4.53006
1638177152.801145000,-1481.36,-887.905,-4.51042
1638177153.101283000,-1483.49,-888.018,-4.50391
1638177153.401465000,-1485.62,-888.126,-4.50234
1638177153.702532000,-1487.73,-888.236,-4.50557
1638177154.001752000,-1489.82,-888.347,-4.50754
1638177154.301906000,-1491.88,-888.456,-4.5098
1638177154.602057000,-1493.94,-888.566,-4.50683
1638177154.902217000,-1495.98,-888.678,-4.50829
1638177155.202385000,-1498.01,-888.802,-4.50696
1638177155.502558000,-1500.01,-888.924,-4.50835
1638177155.902736000,-1502.67,-889.083,-4.50705
1638177156.302961000,-1505.28,-889.219,-4.51452
1638177156.703149000,-1507.86,-889.355,-4.52343
1638177157.103360000,-1510.44,-889.532,-4.52986
1638177157.503570000,-1513.02,-889.726,-4.53406
1638177157.903786000,-1515.55,-889.88,-4.54036
1638177158.303976000,-1518.03,-889.944,-4.52944
1638177158.704179000,-1520.46,-889.949,-4.51663
1638177159.104401000,-1522.85,-889.906,-4.50193
1638177159.504597000,-1525.14,-889.789,-4.50661
1638177159.904807000,-1527.33,-889.586,-4.51753
1638177160.305018000,-1529.4,-889.28,-4.5522
1638177160.705222000,-1531.35,-888.855,-4.58874
1638177161.206232000,-1533.65,-888.16,-4.61485
1638177161.705740000,-1535.74,-887.223,-4.63501
1638177162.205996000,-1537.57,-886.049,-4.66223
1638177162.706258000,-1539.14,-884.665,-4.6732
1638177163.306597000,-1540.68,-882.827,-4.68941
1638177163.906879000,-1541.86,-880.915,-4.72281
1638177164.507190000,-1542.75,-878.984,-4.74452
1638177165.207551000,-1543.65,-876.917,-4.76505
1638177165.907914000,-1544.57,-875.135,-4.78202
1638177166.708404000,-1545.82,-873.348,-4.79532
1638177167.508745000,-1547.43,-871.82,-4.80609
1638177168.309159000,-1549.26,-870.714,-4.80164
1638177169.109570000,-1551.27,-870.19,-4.79558
1638177170.010046000,-1553.5,-870.293,-4.79006
1638177170.910543000,-1555.55,-871.107,-4.78244
1638177171.710927000,-1557.08,-872.373,-4.76237
1638177172.611397000,-1558.24,-874.282,-4.74706
1638177173.511858000,-1558.74,-876.289,-4.73492
1638177176.513417000,-1558.63,-878.268,-4.73099
